variable,units,sensor_name,value,is_flagged,timestamp
Walking,People,PER_PEOPLE_THECORESQUARE_JUNCTION_TO_THECOREMID,1.0,False,2023-04-01T15:30:00
Walking,People,PER_PEOPLE_THECORESQUARE_JUNCTION_TO_THECOREMID,1.0,False,2023-04-02T10:15:00
Walking,People,PER_PEOPLE_THECORESQUARE_JUNCTION_TO_THECOREMID,1.0,False,2023-04-02T14:30:00
Walking,People,PER_PEOPLE_THECORESQUARE_JUNCTION_TO_THECOREMID,1.0,False,2023-04-02T17:15:00
Walking,People,PER_PEOPLE_THECORESQUARE_JUNCTION_TO_THECOREMID,1.0,False,2023-04-03T07:15:00
Walking,People,PER_PEOPLE_THECORESQUARE_JUNCTION_TO_THECOREMID,1.0,False,2023-04-03T08:45:00
Walking,People,PER_PEOPLE_THECORESQUARE_JUNCTION_TO_THECOREMID,1.0,False,2023-04-06T12:15:00
Walking,People,PER_PEOPLE_THECORESQUARE_JUNCTION_TO_THECOREMID,1.0,False,2023-04-06T12:45:00
Walking,People,PER_PEOPLE_THECORESQUARE_JUNCTION_TO_THECOREMID,1.0,False,2023-04-06T14:45:00
Walking,People,PER_PEOPLE_THECORESQUARE_JUNCTION_TO_THECOREMID,1.0,False,2023-04-07T09:30:00
Walking,People,PER_PEOPLE_THECORESQUARE_JUNCTION_TO_THECOREMID,1.0,False,2023-04-07T15:30:00
Walking,People,PER_PEOPLE_THECORESQUARE_JUNCTION_TO_THECOREMID,1.0,False,2023-04-10T16:30:00
Walking,People,PER_PEOPLE_THECORESQUARE_JUNCTION_TO_THECOREMID,1.0,False,2023-04-13T11:15:00
Walking,People,PER_PEOPLE_THECORESQUARE_JUNCTION_TO_THECOREMID,1.0,False,2023-04-13T16:15:00
Walking,People,PER_PEOPLE_THECORESQUARE_JUNCTION_TO_THECOREMID,1.0,False,2023-04-14T07:30:00
Walking,People,PER_PEOPLE_THECORESQUARE_JUNCTION_TO_THECOREMID,1.0,False,2023-04-14T07:45:00
Walking,People,PER_PEOPLE_THECORESQUARE_JUNCTION_TO_THECOREMID,2.0,False,2023-04-14T09:15:00
Walking,People,PER_PEOPLE_THECORESQUARE_JUNCTION_TO_THECOREMID,1.0,False,2023-04-14T11:15:00
Walking,People,PER_PEOPLE_THECORESQUARE_JUNCTION_TO_THECOREMID,2.0,False,2023-04-14T12:15:00
Walking,People,PER_PEOPLE_THECORESQUARE_JUNCTION_TO_THECOREMID,1.0,False,2023-04-14T13:15:00
Walking,People,PER_PEOPLE_THECORESQUARE_JUNCTION_TO_THECOREMID,1.0,False,2023-04-15T16:00:00
Walking,People,PER_PEOPLE_THECORESQUARE_JUNCTION_TO_THECOREMID,1.0,False,2023-04-15T16:15:00
Walking,People,PER_PEOPLE_THECORESQUARE_JUNCTION_TO_THECOREMID,1.0,False,2023-04-15T18:15:00
Walking,People,PER_PEOPLE_THECORESQUARE_JUNCTION_TO_THECOREMID,1.0,False,2023-04-16T13:15:00
Walking,People,PER_PEOPLE_THECORESQUARE_JUNCTION_TO_THECOREMID,2.0,False,2023-04-16T15:30:00
Walking,People,PER_PEOPLE_THECORESQUARE_JUNCTION_TO_THECOREMID,2.0,False,2023-04-17T07:15:00
Walking,People,PER_PEOPLE_THECORESQUARE_JUNCTION_TO_THECOREMID,1.0,False,2023-04-17T12:45:00
Walking,People,PER_PEOPLE_THECORESQUARE_JUNCTION_TO_THECOREMID,1.0,False,2023-04-17T13:15:00
Walking,People,PER_PEOPLE_THECORESQUARE_JUNCTION_TO_THECOREMID,1.0,False,2023-04-18T07:15:00
Walking,People,PER_PEOPLE_THECORESQUARE_JUNCTION_TO_THECOREMID,1.0,False,2023-04-18T07:45:00
Walking,People,PER_PEOPLE_THECORESQUARE_JUNCTION_TO_THECOREMID,1.0,False,2023-04-18T08:15:00
Walking,People,PER_PEOPLE_THECORESQUARE_JUNCTION_TO_THECOREMID,1.0,False,2023-04-18T08:30:00
Walking,People,PER_PEOPLE_THECORESQUARE_JUNCTION_TO_THECOREMID,1.0,False,2023-04-18T13:15:00
Walking,People,PER_PEOPLE_THECORESQUARE_JUNCTION_TO_THECOREMID,1.0,False,2023-04-18T14:00:00
Walking,People,PER_PEOPLE_THECORESQUARE_JUNCTION_TO_THECOREMID,1.0,False,2023-04-18T14:30:00
Walking,People,PER_PEOPLE_THECORESQUARE_JUNCTION_TO_THECOREMID,1.0,False,2023-04-19T07:30:00
Walking,People,PER_PEOPLE_THECORESQUARE_JUNCTION_TO_THECOREMID,1.0,False,2023-04-19T08:15:00
Walking,People,PER_PEOPLE_THECORESQUARE_JUNCTION_TO_THECOREMID,1.0,False,2023-04-19T09:15:00
Walking,People,PER_PEOPLE_THECORESQUARE_JUNCTION_TO_THECOREMID,1.0,False,2023-04-19T09:30:00
Walking,People,PER_PEOPLE_THECORESQUARE_JUNCTION_TO_THECOREMID,1.0,False,2023-04-20T07:45:00
Walking,People,PER_PEOPLE_THECORESQUARE_JUNCTION_TO_THECOREMID,1.0,False,2023-04-20T10:30:00
Walking,People,PER_PEOPLE_THECORESQUARE_JUNCTION_TO_THECOREMID,2.0,False,2023-04-25T15:30:00
Walking,People,PER_PEOPLE_THECORESQUARE_JUNCTION_TO_THECOREMID,1.0,False,2023-04-26T07:15:00
Walking,People,PER_PEOPLE_THECORESQUARE_JUNCTION_TO_THECOREMID,1.0,False,2023-04-26T07:30:00
Walking,People,PER_PEOPLE_THECORESQUARE_JUNCTION_TO_THECOREMID,1.0,False,2023-04-26T07:45:00
Walking,People,PER_PEOPLE_THECORESQUARE_JUNCTION_TO_THECOREMID,1.0,False,2023-04-26T17:00:00
Walking,People,PER_PEOPLE_THECORESQUARE_JUNCTION_TO_THECOREMID,1.0,False,2023-04-27T06:30:00
Walking,People,PER_PEOPLE_THECORESQUARE_JUNCTION_TO_THECOREMID,1.0,False,2023-04-27T07:30:00
Walking,People,PER_PEOPLE_THECORESQUARE_JUNCTION_TO_THECOREMID,1.0,False,2023-05-02T06:15:00
Walking,People,PER_PEOPLE_THECORESQUARE_JUNCTION_TO_THECOREMID,2.0,False,2023-05-02T08:45:00
Walking,People,PER_PEOPLE_THECORESQUARE_JUNCTION_TO_THECOREMID,9.0,False,2023-05-02T09:00:00
Walking,People,PER_PEOPLE_THECORESQUARE_JUNCTION_TO_THECOREMID,3.0,False,2023-05-02T09:15:00
Walking,People,PER_PEOPLE_THECORESQUARE_JUNCTION_TO_THECOREMID,1.0,False,2023-05-02T12:45:00
Walking,People,PER_PEOPLE_THECORESQUARE_JUNCTION_TO_THECOREMID,1.0,False,2023-05-02T19:45:00
Walking,People,PER_PEOPLE_THECORESQUARE_JUNCTION_TO_THECOREMID,1.0,False,2023-05-03T06:30:00
Walking,People,PER_PEOPLE_THECORESQUARE_JUNCTION_TO_THECOREMID,1.0,False,2023-05-03T17:45:00
Walking,People,PER_PEOPLE_THECORESQUARE_JUNCTION_TO_THECOREMID,1.0,False,2023-05-04T13:45:00
Walking,People,PER_PEOPLE_THECORESQUARE_JUNCTION_TO_THECOREMID,1.0,False,2023-05-04T15:30:00
Walking,People,PER_PEOPLE_THECORESQUARE_JUNCTION_TO_THECOREMID,1.0,False,2023-05-05T08:00:00
Walking,People,PER_PEOPLE_THECORESQUARE_JUNCTION_TO_THECOREMID,1.0,False,2023-05-06T10:45:00
Walking,People,PER_PEOPLE_THECORESQUARE_JUNCTION_TO_THECOREMID,1.0,False,2023-05-06T16:15:00
Walking,People,PER_PEOPLE_THECORESQUARE_JUNCTION_TO_THECOREMID,1.0,False,2023-05-07T14:15:00
Walking,People,PER_PEOPLE_THECORESQUARE_JUNCTION_TO_THECOREMID,1.0,False,2023-05-07T14:45:00
Walking,People,PER_PEOPLE_THECORESQUARE_JUNCTION_TO_THECOREMID,2.0,False,2023-05-08T14:30:00
Walking,People,PER_PEOPLE_THECORESQUARE_JUNCTION_TO_THECOREMID,1.0,False,2023-05-09T07:45:00
Walking,People,PER_PEOPLE_THECORESQUARE_JUNCTION_TO_THECOREMID,1.0,False,2023-05-10T07:30:00
Walking,People,PER_PEOPLE_THECORESQUARE_JUNCTION_TO_THECOREMID,1.0,False,2023-05-10T08:30:00
Walking,People,PER_PEOPLE_THECORESQUARE_JUNCTION_TO_THECOREMID,1.0,False,2023-05-11T07:15:00
Walking,People,PER_PEOPLE_THECORESQUARE_JUNCTION_TO_THECOREMID,1.0,False,2023-05-11T10:00:00
Walking,People,PER_PEOPLE_THECORESQUARE_JUNCTION_TO_THECOREMID,1.0,False,2023-05-11T11:00:00
Walking,People,PER_PEOPLE_THECORESQUARE_JUNCTION_TO_THECOREMID,1.0,False,2023-05-11T11:45:00
Walking,People,PER_PEOPLE_THECORESQUARE_JUNCTION_TO_THECOREMID,1.0,False,2023-05-12T12:45:00
Walking,People,PER_PEOPLE_THECORESQUARE_JUNCTION_TO_THECOREMID,1.0,False,2023-05-12T15:45:00
Walking,People,PER_PEOPLE_THECORESQUARE_JUNCTION_TO_THECOREMID,2.0,False,2023-05-14T09:45:00
Walking,People,PER_PEOPLE_THECORESQUARE_JUNCTION_TO_THECOREMID,1.0,False,2023-05-14T10:00:00
Walking,People,PER_PEOPLE_THECORESQUARE_JUNCTION_TO_THECOREMID,1.0,False,2023-05-14T12:45:00
Walking,People,PER_PEOPLE_THECORESQUARE_JUNCTION_TO_THECOREMID,1.0,False,2023-05-14T16:00:00
Walking,People,PER_PEOPLE_THECORESQUARE_JUNCTION_TO_THECOREMID,1.0,False,2023-05-15T08:00:00
Walking,People,PER_PEOPLE_THECORESQUARE_JUNCTION_TO_THECOREMID,1.0,False,2023-05-15T10:15:00
Walking,People,PER_PEOPLE_THECORESQUARE_JUNCTION_TO_THECOREMID,1.0,False,2023-05-15T12:15:00
Walking,People,PER_PEOPLE_THECORESQUARE_JUNCTION_TO_THECOREMID,2.0,False,2023-05-16T07:15:00
Walking,People,PER_PEOPLE_THECORESQUARE_JUNCTION_TO_THECOREMID,2.0,False,2023-05-16T07:45:00
Walking,People,PER_PEOPLE_THECORESQUARE_JUNCTION_TO_THECOREMID,1.0,False,2023-05-16T11:45:00
Walking,People,PER_PEOPLE_THECORESQUARE_JUNCTION_TO_THECOREMID,1.0,False,2023-05-16T18:00:00
Walking,People,PER_PEOPLE_THECORESQUARE_JUNCTION_TO_THECOREMID,1.0,False,2023-05-17T06:30:00
Walking,People,PER_PEOPLE_THECORESQUARE_JUNCTION_TO_THECOREMID,1.0,False,2023-05-17T09:00:00
Walking,People,PER_PEOPLE_THECORESQUARE_JUNCTION_TO_THECOREMID,1.0,False,2023-05-17T11:00:00
Walking,People,PER_PEOPLE_THECORESQUARE_JUNCTION_TO_THECOREMID,2.0,False,2023-05-17T11:15:00
Walking,People,PER_PEOPLE_THECORESQUARE_JUNCTION_TO_THECOREMID,1.0,False,2023-05-17T11:45:00
Walking,People,PER_PEOPLE_THECORESQUARE_JUNCTION_TO_THECOREMID,6.0,False,2023-05-17T12:15:00
Walking,People,PER_PEOPLE_THECORESQUARE_JUNCTION_TO_THECOREMID,1.0,False,2023-05-17T12:30:00
Walking,People,PER_PEOPLE_THECORESQUARE_JUNCTION_TO_THECOREMID,1.0,False,2023-05-18T14:45:00
Walking,People,PER_PEOPLE_THECORESQUARE_JUNCTION_TO_THECOREMID,1.0,False,2023-05-18T16:15:00
Walking,People,PER_PEOPLE_THECORESQUARE_JUNCTION_TO_THECOREMID,1.0,False,2023-05-19T07:15:00
Walking,People,PER_PEOPLE_THECORESQUARE_JUNCTION_TO_THECOREMID,1.0,False,2023-05-19T07:45:00
Walking,People,PER_PEOPLE_THECORESQUARE_JUNCTION_TO_THECOREMID,1.0,False,2023-05-19T09:00:00
Walking,People,PER_PEOPLE_THECORESQUARE_JUNCTION_TO_THECOREMID,1.0,False,2023-05-20T16:00:00
Walking,People,PER_PEOPLE_THECORESQUARE_JUNCTION_TO_THECOREMID,1.0,False,2023-05-21T15:30:00
Walking,People,PER_PEOPLE_THECORESQUARE_JUNCTION_TO_THECOREMID,1.0,False,2023-05-22T09:30:00
Walking,People,PER_PEOPLE_THECORESQUARE_JUNCTION_TO_THECOREMID,1.0,False,2023-05-22T10:15:00
Walking,People,PER_PEOPLE_THECORESQUARE_JUNCTION_TO_THECOREMID,2.0,False,2023-05-22T14:00:00
Walking,People,PER_PEOPLE_THECORESQUARE_JUNCTION_TO_THECOREMID,1.0,False,2023-05-23T07:15:00
Walking,People,PER_PEOPLE_THECORESQUARE_JUNCTION_TO_THECOREMID,1.0,False,2023-05-23T12:15:00
Walking,People,PER_PEOPLE_THECORESQUARE_JUNCTION_TO_THECOREMID,1.0,False,2023-05-23T16:00:00
Walking,People,PER_PEOPLE_THECORESQUARE_JUNCTION_TO_THECOREMID,1.0,False,2023-05-24T11:15:00
Walking,People,PER_PEOPLE_THECORESQUARE_JUNCTION_TO_THECOREMID,2.0,False,2023-05-24T12:15:00
Walking,People,PER_PEOPLE_THECORESQUARE_JUNCTION_TO_THECOREMID,1.0,False,2023-05-24T13:45:00
Walking,People,PER_PEOPLE_THECORESQUARE_JUNCTION_TO_THECOREMID,1.0,False,2023-05-24T18:00:00
Walking,People,PER_PEOPLE_THECORESQUARE_JUNCTION_TO_THECOREMID,1.0,False,2023-05-25T07:45:00
Walking,People,PER_PEOPLE_THECORESQUARE_JUNCTION_TO_THECOREMID,1.0,False,2023-05-25T11:15:00
Walking,People,PER_PEOPLE_THECORESQUARE_JUNCTION_TO_THECOREMID,1.0,False,2023-05-25T12:00:00
Walking,People,PER_PEOPLE_THECORESQUARE_JUNCTION_TO_THECOREMID,1.0,False,2023-05-25T12:15:00
Walking,People,PER_PEOPLE_THECORESQUARE_JUNCTION_TO_THECOREMID,1.0,False,2023-05-25T12:30:00
Walking,People,PER_PEOPLE_THECORESQUARE_JUNCTION_TO_THECOREMID,2.0,False,2023-05-25T15:15:00
Walking,People,PER_PEOPLE_THECORESQUARE_JUNCTION_TO_THECOREMID,1.0,False,2023-05-26T12:15:00
Walking,People,PER_PEOPLE_THECORESQUARE_JUNCTION_TO_THECOREMID,1.0,False,2023-05-27T08:00:00
Walking,People,PER_PEOPLE_THECORESQUARE_JUNCTION_TO_THECOREMID,1.0,False,2023-05-27T13:00:00
Walking,People,PER_PEOPLE_THECORESQUARE_JUNCTION_TO_THECOREMID,1.0,False,2023-05-27T13:45:00
Walking,People,PER_PEOPLE_THECORESQUARE_JUNCTION_TO_THECOREMID,1.0,False,2023-05-27T17:30:00
Walking,People,PER_PEOPLE_THECORESQUARE_JUNCTION_TO_THECOREMID,2.0,False,2023-05-27T20:15:00
Walking,People,PER_PEOPLE_THECORESQUARE_JUNCTION_TO_THECOREMID,3.0,False,2023-05-28T10:30:00
Walking,People,PER_PEOPLE_THECORESQUARE_JUNCTION_TO_THECOREMID,1.0,False,2023-05-28T16:45:00
Walking,People,PER_PEOPLE_THECORESQUARE_JUNCTION_TO_THECOREMID,1.0,False,2023-05-29T10:15:00
Walking,People,PER_PEOPLE_THECORESQUARE_JUNCTION_TO_THECOREMID,2.0,False,2023-05-29T16:45:00
Walking,People,PER_PEOPLE_THECORESQUARE_JUNCTION_TO_THECOREMID,3.0,False,2023-05-30T12:15:00
Walking,People,PER_PEOPLE_THECORESQUARE_JUNCTION_TO_THECOREMID,1.0,False,2023-05-30T12:30:00
Walking,People,PER_PEOPLE_THECORESQUARE_JUNCTION_TO_THECOREMID,2.0,False,2023-05-30T12:45:00
Walking,People,PER_PEOPLE_THECORESQUARE_JUNCTION_TO_THECOREMID,1.0,False,2023-05-30T13:00:00
Walking,People,PER_PEOPLE_THECORESQUARE_JUNCTION_TO_THECOREMID,15.0,False,2023-05-30T13:15:00
Walking,People,PER_PEOPLE_THECORESQUARE_JUNCTION_TO_THECOREMID,1.0,False,2023-05-30T13:30:00
Walking,People,PER_PEOPLE_THECORESQUARE_JUNCTION_TO_THECOREMID,1.0,False,2023-05-30T13:45:00
Walking,People,PER_PEOPLE_THECORESQUARE_JUNCTION_TO_THECOREMID,1.0,False,2023-05-30T16:15:00
Walking,People,PER_PEOPLE_THECORESQUARE_JUNCTION_TO_THECOREMID,1.0,False,2023-05-30T17:30:00
Walking,People,PER_PEOPLE_THECORESQUARE_JUNCTION_TO_THECOREMID,1.0,False,2023-05-31T07:30:00
Walking,People,PER_PEOPLE_THECORESQUARE_JUNCTION_TO_THECOREMID,1.0,False,2023-05-31T08:45:00
Walking,People,PER_PEOPLE_THECORESQUARE_JUNCTION_TO_THECOREMID,1.0,False,2023-05-31T09:00:00
Walking,People,PER_PEOPLE_THECORESQUARE_JUNCTION_TO_THECOREMID,2.0,False,2023-05-31T09:15:00
Walking,People,PER_PEOPLE_THECORESQUARE_JUNCTION_TO_THECOREMID,1.0,False,2023-05-31T09:30:00
Walking,People,PER_PEOPLE_THECORESQUARE_JUNCTION_TO_THECOREMID,1.0,False,2023-05-31T14:30:00
Walking,People,PER_PEOPLE_THECORESQUARE_JUNCTION_TO_THECOREMID,1.0,False,2023-06-01T15:00:00
Walking,People,PER_PEOPLE_THECORESQUARE_JUNCTION_TO_THECOREMID,1.0,False,2023-06-02T07:30:00
Walking,People,PER_PEOPLE_THECORESQUARE_JUNCTION_TO_THECOREMID,1.0,False,2023-06-02T07:45:00
Walking,People,PER_PEOPLE_THECORESQUARE_JUNCTION_TO_THECOREMID,1.0,False,2023-06-02T08:15:00
Walking,People,PER_PEOPLE_THECORESQUARE_JUNCTION_TO_THECOREMID,1.0,False,2023-06-02T09:00:00
Walking,People,PER_PEOPLE_THECORESQUARE_JUNCTION_TO_THECOREMID,1.0,False,2023-06-02T11:45:00
Walking,People,PER_PEOPLE_THECORESQUARE_JUNCTION_TO_THECOREMID,1.0,False,2023-06-02T13:30:00
Walking,People,PER_PEOPLE_THECORESQUARE_JUNCTION_TO_THECOREMID,2.0,False,2023-06-03T10:45:00
Walking,People,PER_PEOPLE_THECORESQUARE_JUNCTION_TO_THECOREMID,1.0,False,2023-06-03T20:00:00
Walking,People,PER_PEOPLE_THECORESQUARE_JUNCTION_TO_THECOREMID,1.0,False,2023-06-04T10:00:00
Walking,People,PER_PEOPLE_THECORESQUARE_JUNCTION_TO_THECOREMID,1.0,False,2023-06-04T15:45:00
Walking,People,PER_PEOPLE_THECORESQUARE_JUNCTION_TO_THECOREMID,1.0,False,2023-06-05T07:15:00
Walking,People,PER_PEOPLE_THECORESQUARE_JUNCTION_TO_THECOREMID,1.0,False,2023-06-05T13:15:00
Walking,People,PER_PEOPLE_THECORESQUARE_JUNCTION_TO_THECOREMID,1.0,False,2023-06-05T13:30:00
Walking,People,PER_PEOPLE_THECORESQUARE_JUNCTION_TO_THECOREMID,1.0,False,2023-06-06T17:15:00
Walking,People,PER_PEOPLE_THECORESQUARE_JUNCTION_TO_THECOREMID,1.0,False,2023-06-07T07:45:00
Walking,People,PER_PEOPLE_THECORESQUARE_JUNCTION_TO_THECOREMID,1.0,False,2023-06-07T08:15:00
Walking,People,PER_PEOPLE_THECORESQUARE_JUNCTION_TO_THECOREMID,1.0,False,2023-06-07T08:45:00
Walking,People,PER_PEOPLE_THECORESQUARE_JUNCTION_TO_THECOREMID,1.0,False,2023-06-07T09:15:00
Walking,People,PER_PEOPLE_THECORESQUARE_JUNCTION_TO_THECOREMID,1.0,False,2023-06-07T11:45:00
Walking,People,PER_PEOPLE_THECORESQUARE_JUNCTION_TO_THECOREMID,1.0,False,2023-06-07T12:00:00
Walking,People,PER_PEOPLE_THECORESQUARE_JUNCTION_TO_THECOREMID,1.0,False,2023-06-08T07:00:00
Walking,People,PER_PEOPLE_THECORESQUARE_JUNCTION_TO_THECOREMID,1.0,False,2023-06-08T09:45:00
Walking,People,PER_PEOPLE_THECORESQUARE_JUNCTION_TO_THECOREMID,1.0,False,2023-06-08T10:30:00
Walking,People,PER_PEOPLE_THECORESQUARE_JUNCTION_TO_THECOREMID,1.0,False,2023-06-08T12:30:00
Walking,People,PER_PEOPLE_THECORESQUARE_JUNCTION_TO_THECOREMID,1.0,False,2023-06-08T13:00:00
Walking,People,PER_PEOPLE_THECORESQUARE_JUNCTION_TO_THECOREMID,1.0,False,2023-06-08T16:45:00
Walking,People,PER_PEOPLE_THECORESQUARE_JUNCTION_TO_THECOREMID,1.0,False,2023-06-09T06:30:00
Walking,People,PER_PEOPLE_THECORESQUARE_JUNCTION_TO_THECOREMID,1.0,False,2023-06-09T11:30:00
Walking,People,PER_PEOPLE_THECORESQUARE_JUNCTION_TO_THECOREMID,2.0,False,2023-06-09T11:45:00
Walking,People,PER_PEOPLE_THECORESQUARE_JUNCTION_TO_THECOREMID,3.0,False,2023-06-09T12:45:00
Walking,People,PER_PEOPLE_THECORESQUARE_JUNCTION_TO_THECOREMID,1.0,False,2023-06-09T15:15:00
Walking,People,PER_PEOPLE_THECORESQUARE_JUNCTION_TO_THECOREMID,1.0,False,2023-06-09T15:30:00
Walking,People,PER_PEOPLE_THECORESQUARE_JUNCTION_TO_THECOREMID,1.0,False,2023-06-11T06:15:00
Walking,People,PER_PEOPLE_THECORESQUARE_JUNCTION_TO_THECOREMID,2.0,False,2023-06-13T07:15:00
Walking,People,PER_PEOPLE_THECORESQUARE_JUNCTION_TO_THECOREMID,1.0,False,2023-06-13T07:30:00
Walking,People,PER_PEOPLE_THECORESQUARE_JUNCTION_TO_THECOREMID,3.0,False,2023-06-13T07:45:00
Walking,People,PER_PEOPLE_THECORESQUARE_JUNCTION_TO_THECOREMID,2.0,False,2023-06-13T12:15:00
Walking,People,PER_PEOPLE_THECORESQUARE_JUNCTION_TO_THECOREMID,5.0,False,2023-06-13T12:30:00
Walking,People,PER_PEOPLE_THECORESQUARE_JUNCTION_TO_THECOREMID,1.0,False,2023-06-13T12:45:00
Walking,People,PER_PEOPLE_THECORESQUARE_JUNCTION_TO_THECOREMID,1.0,False,2023-06-13T13:30:00
Walking,People,PER_PEOPLE_THECORESQUARE_JUNCTION_TO_THECOREMID,1.0,False,2023-06-13T16:00:00
Walking,People,PER_PEOPLE_THECORESQUARE_JUNCTION_TO_THECOREMID,1.0,False,2023-06-13T16:45:00
Walking,People,PER_PEOPLE_THECORESQUARE_JUNCTION_TO_THECOREMID,2.0,False,2023-06-13T17:45:00
Walking,People,PER_PEOPLE_THECORESQUARE_JUNCTION_TO_THECOREMID,1.0,False,2023-06-14T08:45:00
Walking,People,PER_PEOPLE_THECORESQUARE_JUNCTION_TO_THECOREMID,1.0,False,2023-06-14T12:45:00
Walking,People,PER_PEOPLE_THECORESQUARE_JUNCTION_TO_THECOREMID,1.0,False,2023-06-14T18:30:00
Walking,People,PER_PEOPLE_THECORESQUARE_JUNCTION_TO_THECOREMID,1.0,False,2023-06-15T09:15:00
Walking,People,PER_PEOPLE_THECORESQUARE_JUNCTION_TO_THECOREMID,1.0,False,2023-06-15T11:15:00
Walking,People,PER_PEOPLE_THECORESQUARE_JUNCTION_TO_THECOREMID,2.0,False,2023-06-15T12:30:00
Walking,People,PER_PEOPLE_THECORESQUARE_JUNCTION_TO_THECOREMID,1.0,False,2023-06-15T17:15:00
Walking,People,PER_PEOPLE_THECORESQUARE_JUNCTION_TO_THECOREMID,1.0,False,2023-06-16T07:45:00
Walking,People,PER_PEOPLE_THECORESQUARE_JUNCTION_TO_THECOREMID,1.0,False,2023-06-16T11:15:00
Walking,People,PER_PEOPLE_THECORESQUARE_JUNCTION_TO_THECOREMID,1.0,False,2023-06-16T14:30:00
Walking,People,PER_PEOPLE_THECORESQUARE_JUNCTION_TO_THECOREMID,1.0,False,2023-06-16T16:00:00
Walking,People,PER_PEOPLE_THECORESQUARE_JUNCTION_TO_THECOREMID,1.0,False,2023-06-17T06:45:00
Walking,People,PER_PEOPLE_THECORESQUARE_JUNCTION_TO_THECOREMID,1.0,False,2023-06-17T09:30:00
Walking,People,PER_PEOPLE_THECORESQUARE_JUNCTION_TO_THECOREMID,2.0,False,2023-06-18T09:45:00
Walking,People,PER_PEOPLE_THECORESQUARE_JUNCTION_TO_THECOREMID,1.0,False,2023-06-18T17:00:00
Walking,People,PER_PEOPLE_THECORESQUARE_JUNCTION_TO_THECOREMID,1.0,False,2023-06-19T07:45:00
Walking,People,PER_PEOPLE_THECORESQUARE_JUNCTION_TO_THECOREMID,1.0,False,2023-06-19T10:00:00
Walking,People,PER_PEOPLE_THECORESQUARE_JUNCTION_TO_THECOREMID,1.0,False,2023-06-20T05:45:00
Walking,People,PER_PEOPLE_THECORESQUARE_JUNCTION_TO_THECOREMID,1.0,False,2023-06-20T06:30:00
Walking,People,PER_PEOPLE_THECORESQUARE_JUNCTION_TO_THECOREMID,1.0,False,2023-06-20T08:00:00
Walking,People,PER_PEOPLE_THECORESQUARE_JUNCTION_TO_THECOREMID,1.0,False,2023-06-20T18:00:00
Walking,People,PER_PEOPLE_THECORESQUARE_JUNCTION_TO_THECOREMID,1.0,False,2023-06-21T07:15:00
Walking,People,PER_PEOPLE_THECORESQUARE_JUNCTION_TO_THECOREMID,1.0,False,2023-06-21T07:30:00
Walking,People,PER_PEOPLE_THECORESQUARE_JUNCTION_TO_THECOREMID,1.0,False,2023-06-21T07:45:00
Walking,People,PER_PEOPLE_THECORESQUARE_JUNCTION_TO_THECOREMID,1.0,False,2023-06-21T12:45:00
Walking,People,PER_PEOPLE_THECORESQUARE_JUNCTION_TO_THECOREMID,1.0,False,2023-06-21T13:15:00
Walking,People,PER_PEOPLE_THECORESQUARE_JUNCTION_TO_THECOREMID,1.0,False,2023-06-21T13:30:00
Walking,People,PER_PEOPLE_THECORESQUARE_JUNCTION_TO_THECOREMID,1.0,False,2023-06-22T07:30:00
Walking,People,PER_PEOPLE_THECORESQUARE_JUNCTION_TO_THECOREMID,1.0,False,2023-06-22T12:45:00
Walking,People,PER_PEOPLE_THECORESQUARE_JUNCTION_TO_THECOREMID,2.0,False,2023-06-23T09:00:00
Walking,People,PER_PEOPLE_THECORESQUARE_JUNCTION_TO_THECOREMID,1.0,False,2023-06-23T12:45:00
Walking,People,PER_PEOPLE_THECORESQUARE_JUNCTION_TO_THECOREMID,1.0,False,2023-06-23T14:00:00
Walking,People,PER_PEOPLE_THECORESQUARE_JUNCTION_TO_THECOREMID,1.0,False,2023-06-23T20:15:00
Walking,People,PER_PEOPLE_THECORESQUARE_JUNCTION_TO_THECOREMID,2.0,False,2023-06-24T09:45:00
Walking,People,PER_PEOPLE_THECORESQUARE_JUNCTION_TO_THECOREMID,1.0,False,2023-06-24T18:00:00
Walking,People,PER_PEOPLE_THECORESQUARE_JUNCTION_TO_THECOREMID,1.0,False,2023-06-24T18:15:00
Walking,People,PER_PEOPLE_THECORESQUARE_JUNCTION_TO_THECOREMID,1.0,False,2023-06-26T07:45:00
Walking,People,PER_PEOPLE_THECORESQUARE_JUNCTION_TO_THECOREMID,1.0,False,2023-06-26T12:30:00
Walking,People,PER_PEOPLE_THECORESQUARE_JUNCTION_TO_THECOREMID,1.0,False,2023-06-26T17:45:00
Walking,People,PER_PEOPLE_THECORESQUARE_JUNCTION_TO_THECOREMID,1.0,False,2023-06-27T07:30:00
Walking,People,PER_PEOPLE_THECORESQUARE_JUNCTION_TO_THECOREMID,1.0,False,2023-06-27T19:45:00
Walking,People,PER_PEOPLE_THECORESQUARE_JUNCTION_TO_THECOREMID,1.0,False,2023-06-28T11:45:00
Walking,People,PER_PEOPLE_THECORESQUARE_JUNCTION_TO_THECOREMID,2.0,False,2023-06-28T18:00:00
Walking,People,PER_PEOPLE_THECORESQUARE_JUNCTION_TO_THECOREMID,1.0,False,2023-06-29T07:45:00
Walking,People,PER_PEOPLE_THECORESQUARE_JUNCTION_TO_THECOREMID,1.0,False,2023-06-29T14:15:00
Walking,People,PER_PEOPLE_THECORESQUARE_JUNCTION_TO_THECOREMID,1.0,False,2023-06-29T16:30:00
Walking,People,PER_PEOPLE_THECORESQUARE_JUNCTION_TO_THECOREMID,2.0,False,2023-06-30T16:45:00
Walking,People,PER_PEOPLE_THECORESQUARE_JUNCTION_TO_THECOREMID,1.0,False,2023-07-01T12:30:00
Walking,People,PER_PEOPLE_THECORESQUARE_JUNCTION_TO_THECOREMID,2.0,False,2023-07-01T13:30:00
Walking,People,PER_PEOPLE_THECORESQUARE_JUNCTION_TO_THECOREMID,1.0,False,2023-07-03T13:30:00
Walking,People,PER_PEOPLE_THECORESQUARE_JUNCTION_TO_THECOREMID,1.0,False,2023-07-03T13:45:00
Walking,People,PER_PEOPLE_THECORESQUARE_JUNCTION_TO_THECOREMID,1.0,False,2023-07-04T07:45:00
Walking,People,PER_PEOPLE_THECORESQUARE_JUNCTION_TO_THECOREMID,1.0,False,2023-07-04T12:15:00
Walking,People,PER_PEOPLE_THECORESQUARE_JUNCTION_TO_THECOREMID,1.0,False,2023-07-04T13:15:00
Walking,People,PER_PEOPLE_THECORESQUARE_JUNCTION_TO_THECOREMID,2.0,False,2023-07-04T16:45:00
Walking,People,PER_PEOPLE_THECORESQUARE_JUNCTION_TO_THECOREMID,1.0,False,2023-07-05T07:45:00
Walking,People,PER_PEOPLE_THECORESQUARE_JUNCTION_TO_THECOREMID,1.0,False,2023-07-05T13:00:00
Walking,People,PER_PEOPLE_THECORESQUARE_JUNCTION_TO_THECOREMID,1.0,False,2023-07-05T16:45:00
Walking,People,PER_PEOPLE_THECORESQUARE_JUNCTION_TO_THECOREMID,1.0,False,2023-07-05T18:00:00
Walking,People,PER_PEOPLE_THECORESQUARE_JUNCTION_TO_THECOREMID,1.0,False,2023-07-06T12:45:00
Walking,People,PER_PEOPLE_THECORESQUARE_JUNCTION_TO_THECOREMID,1.0,False,2023-07-07T07:45:00
Walking,People,PER_PEOPLE_THECORESQUARE_JUNCTION_TO_THECOREMID,2.0,False,2023-07-08T15:15:00
Walking,People,PER_PEOPLE_THECORESQUARE_JUNCTION_TO_THECOREMID,1.0,False,2023-07-09T09:15:00
Walking,People,PER_PEOPLE_THECORESQUARE_JUNCTION_TO_THECOREMID,1.0,False,2023-07-09T12:00:00
Walking,People,PER_PEOPLE_THECORESQUARE_JUNCTION_TO_THECOREMID,1.0,False,2023-07-10T06:30:00
Walking,People,PER_PEOPLE_THECORESQUARE_JUNCTION_TO_THECOREMID,1.0,False,2023-07-10T07:45:00
Walking,People,PER_PEOPLE_THECORESQUARE_JUNCTION_TO_THECOREMID,1.0,False,2023-07-10T15:00:00
Walking,People,PER_PEOPLE_THECORESQUARE_JUNCTION_TO_THECOREMID,1.0,False,2023-07-11T18:00:00
Walking,People,PER_PEOPLE_THECORESQUARE_JUNCTION_TO_THECOREMID,1.0,False,2023-07-12T07:45:00
Walking,People,PER_PEOPLE_THECORESQUARE_JUNCTION_TO_THECOREMID,1.0,False,2023-07-12T10:30:00
Walking,People,PER_PEOPLE_THECORESQUARE_JUNCTION_TO_THECOREMID,1.0,False,2023-07-12T11:30:00
Walking,People,PER_PEOPLE_THECORESQUARE_JUNCTION_TO_THECOREMID,1.0,False,2023-07-12T13:30:00
Walking,People,PER_PEOPLE_THECORESQUARE_JUNCTION_TO_THECOREMID,1.0,False,2023-07-13T07:45:00
Walking,People,PER_PEOPLE_THECORESQUARE_JUNCTION_TO_THECOREMID,2.0,False,2023-07-13T11:30:00
Walking,People,PER_PEOPLE_THECORESQUARE_JUNCTION_TO_THECOREMID,2.0,False,2023-07-14T07:45:00
Walking,People,PER_PEOPLE_THECORESQUARE_JUNCTION_TO_THECOREMID,2.0,False,2023-07-14T11:30:00
Walking,People,PER_PEOPLE_THECORESQUARE_JUNCTION_TO_THECOREMID,3.0,False,2023-07-15T12:00:00
Walking,People,PER_PEOPLE_THECORESQUARE_JUNCTION_TO_THECOREMID,1.0,False,2023-07-15T18:15:00
Walking,People,PER_PEOPLE_THECORESQUARE_JUNCTION_TO_THECOREMID,1.0,False,2023-07-15T18:30:00
Walking,People,PER_PEOPLE_THECORESQUARE_JUNCTION_TO_THECOREMID,2.0,False,2023-07-16T11:45:00
Walking,People,PER_PEOPLE_THECORESQUARE_JUNCTION_TO_THECOREMID,1.0,False,2023-07-17T08:45:00
Walking,People,PER_PEOPLE_THECORESQUARE_JUNCTION_TO_THECOREMID,1.0,False,2023-07-17T16:45:00
Walking,People,PER_PEOPLE_THECORESQUARE_JUNCTION_TO_THECOREMID,1.0,False,2023-07-18T05:30:00
Walking,People,PER_PEOPLE_THECORESQUARE_JUNCTION_TO_THECOREMID,1.0,False,2023-07-18T16:30:00
Walking,People,PER_PEOPLE_THECORESQUARE_JUNCTION_TO_THECOREMID,1.0,False,2023-07-19T07:45:00
Walking,People,PER_PEOPLE_THECORESQUARE_JUNCTION_TO_THECOREMID,1.0,False,2023-07-19T15:45:00
Walking,People,PER_PEOPLE_THECORESQUARE_JUNCTION_TO_THECOREMID,1.0,False,2023-07-19T17:45:00
Walking,People,PER_PEOPLE_THECORESQUARE_JUNCTION_TO_THECOREMID,1.0,False,2023-07-20T15:15:00
Walking,People,PER_PEOPLE_THECORESQUARE_JUNCTION_TO_THECOREMID,1.0,False,2023-07-21T07:00:00
Walking,People,PER_PEOPLE_THECORESQUARE_JUNCTION_TO_THECOREMID,1.0,False,2023-07-21T07:15:00
Walking,People,PER_PEOPLE_THECORESQUARE_JUNCTION_TO_THECOREMID,1.0,False,2023-07-21T07:45:00
Walking,People,PER_PEOPLE_THECORESQUARE_JUNCTION_TO_THECOREMID,1.0,False,2023-07-21T12:45:00
Walking,People,PER_PEOPLE_THECORESQUARE_JUNCTION_TO_THECOREMID,1.0,False,2023-07-21T17:30:00
Walking,People,PER_PEOPLE_THECORESQUARE_JUNCTION_TO_THECOREMID,1.0,False,2023-07-22T18:00:00
Walking,People,PER_PEOPLE_THECORESQUARE_JUNCTION_TO_THECOREMID,1.0,False,2023-07-24T07:15:00
Walking,People,PER_PEOPLE_THECORESQUARE_JUNCTION_TO_THECOREMID,1.0,False,2023-07-24T11:45:00
Walking,People,PER_PEOPLE_THECORESQUARE_JUNCTION_TO_THECOREMID,1.0,False,2023-07-25T06:30:00
Walking,People,PER_PEOPLE_THECORESQUARE_JUNCTION_TO_THECOREMID,1.0,False,2023-07-25T08:00:00
Walking,People,PER_PEOPLE_THECORESQUARE_JUNCTION_TO_THECOREMID,1.0,False,2023-07-25T12:00:00
Walking,People,PER_PEOPLE_THECORESQUARE_JUNCTION_TO_THECOREMID,1.0,False,2023-07-26T07:45:00
Walking,People,PER_PEOPLE_THECORESQUARE_JUNCTION_TO_THECOREMID,1.0,False,2023-07-26T11:30:00
Walking,People,PER_PEOPLE_THECORESQUARE_JUNCTION_TO_THECOREMID,3.0,False,2023-07-26T11:45:00
Walking,People,PER_PEOPLE_THECORESQUARE_JUNCTION_TO_THECOREMID,1.0,False,2023-07-26T12:45:00
Walking,People,PER_PEOPLE_THECORESQUARE_JUNCTION_TO_THECOREMID,1.0,False,2023-07-26T18:30:00
Walking,People,PER_PEOPLE_THECORESQUARE_JUNCTION_TO_THECOREMID,1.0,False,2023-07-27T14:15:00
Walking,People,PER_PEOPLE_THECORESQUARE_JUNCTION_TO_THECOREMID,1.0,False,2023-07-27T16:15:00
Walking,People,PER_PEOPLE_THECORESQUARE_JUNCTION_TO_THECOREMID,1.0,False,2023-07-28T12:00:00
Walking,People,PER_PEOPLE_THECORESQUARE_JUNCTION_TO_THECOREMID,2.0,False,2023-07-28T12:15:00
Walking,People,PER_PEOPLE_THECORESQUARE_JUNCTION_TO_THECOREMID,1.0,False,2023-07-28T16:30:00
Walking,People,PER_PEOPLE_THECORESQUARE_JUNCTION_TO_THECOREMID,2.0,False,2023-07-29T09:45:00
Walking,People,PER_PEOPLE_THECORESQUARE_JUNCTION_TO_THECOREMID,1.0,False,2023-07-29T10:45:00
Walking,People,PER_PEOPLE_THECORESQUARE_JUNCTION_TO_THECOREMID,1.0,False,2023-07-30T17:30:00
Walking,People,PER_PEOPLE_THECORESQUARE_JUNCTION_TO_THECOREMID,2.0,False,2023-07-31T14:45:00
Walking,People,PER_PEOPLE_THECORESQUARE_JUNCTION_TO_THECOREMID,1.0,False,2023-08-01T10:15:00
Walking,People,PER_PEOPLE_THECORESQUARE_JUNCTION_TO_THECOREMID,1.0,False,2023-08-01T14:00:00
Walking,People,PER_PEOPLE_THECORESQUARE_JUNCTION_TO_THECOREMID,2.0,False,2023-08-01T15:15:00
Walking,People,PER_PEOPLE_THECORESQUARE_JUNCTION_TO_THECOREMID,1.0,False,2023-08-01T16:30:00
Walking,People,PER_PEOPLE_THECORESQUARE_JUNCTION_TO_THECOREMID,2.0,False,2023-08-01T17:45:00
Walking,People,PER_PEOPLE_THECORESQUARE_JUNCTION_TO_THECOREMID,2.0,False,2023-08-01T19:15:00
Walking,People,PER_PEOPLE_THECORESQUARE_JUNCTION_TO_THECOREMID,1.0,False,2023-08-02T15:45:00
Walking,People,PER_PEOPLE_THECORESQUARE_JUNCTION_TO_THECOREMID,2.0,False,2023-08-03T10:00:00
Walking,People,PER_PEOPLE_THECORESQUARE_JUNCTION_TO_THECOREMID,2.0,False,2023-08-03T11:00:00
Walking,People,PER_PEOPLE_THECORESQUARE_JUNCTION_TO_THECOREMID,5.0,False,2023-08-03T12:00:00
Walking,People,PER_PEOPLE_THECORESQUARE_JUNCTION_TO_THECOREMID,1.0,False,2023-08-03T12:15:00
Walking,People,PER_PEOPLE_THECORESQUARE_JUNCTION_TO_THECOREMID,1.0,False,2023-08-03T16:15:00
Walking,People,PER_PEOPLE_THECORESQUARE_JUNCTION_TO_THECOREMID,1.0,False,2023-08-04T17:30:00
Walking,People,PER_PEOPLE_THECORESQUARE_JUNCTION_TO_THECOREMID,1.0,False,2023-08-04T18:00:00
Walking,People,PER_PEOPLE_THECORESQUARE_JUNCTION_TO_THECOREMID,1.0,False,2023-08-05T10:30:00
Walking,People,PER_PEOPLE_THECORESQUARE_JUNCTION_TO_THECOREMID,1.0,False,2023-08-05T16:45:00
Walking,People,PER_PEOPLE_THECORESQUARE_JUNCTION_TO_THECOREMID,1.0,False,2023-08-06T15:45:00
Walking,People,PER_PEOPLE_THECORESQUARE_JUNCTION_TO_THECOREMID,1.0,False,2023-08-07T11:30:00
Walking,People,PER_PEOPLE_THECORESQUARE_JUNCTION_TO_THECOREMID,1.0,False,2023-08-07T16:00:00
Walking,People,PER_PEOPLE_THECORESQUARE_JUNCTION_TO_THECOREMID,1.0,False,2023-08-07T18:15:00
Walking,People,PER_PEOPLE_THECORESQUARE_JUNCTION_TO_THECOREMID,4.0,False,2023-08-08T10:00:00
Walking,People,PER_PEOPLE_THECORESQUARE_JUNCTION_TO_THECOREMID,1.0,False,2023-08-08T11:15:00
Walking,People,PER_PEOPLE_THECORESQUARE_JUNCTION_TO_THECOREMID,1.0,False,2023-08-08T11:30:00
Walking,People,PER_PEOPLE_THECORESQUARE_JUNCTION_TO_THECOREMID,1.0,False,2023-08-08T11:45:00
Walking,People,PER_PEOPLE_THECORESQUARE_JUNCTION_TO_THECOREMID,1.0,False,2023-08-08T12:15:00
Walking,People,PER_PEOPLE_THECORESQUARE_JUNCTION_TO_THECOREMID,2.0,False,2023-08-08T12:30:00
Walking,People,PER_PEOPLE_THECORESQUARE_JUNCTION_TO_THECOREMID,1.0,False,2023-08-09T09:30:00
Walking,People,PER_PEOPLE_THECORESQUARE_JUNCTION_TO_THECOREMID,1.0,False,2023-08-09T12:15:00
Walking,People,PER_PEOPLE_THECORESQUARE_JUNCTION_TO_THECOREMID,1.0,False,2023-08-09T14:45:00
Walking,People,PER_PEOPLE_THECORESQUARE_JUNCTION_TO_THECOREMID,1.0,False,2023-08-09T15:00:00
Walking,People,PER_PEOPLE_THECORESQUARE_JUNCTION_TO_THECOREMID,1.0,False,2023-08-09T16:30:00
Walking,People,PER_PEOPLE_THECORESQUARE_JUNCTION_TO_THECOREMID,1.0,False,2023-08-10T11:30:00
Walking,People,PER_PEOPLE_THECORESQUARE_JUNCTION_TO_THECOREMID,1.0,False,2023-08-10T14:15:00
Walking,People,PER_PEOPLE_THECORESQUARE_JUNCTION_TO_THECOREMID,2.0,False,2023-08-10T14:30:00
Walking,People,PER_PEOPLE_THECORESQUARE_JUNCTION_TO_THECOREMID,1.0,False,2023-08-10T19:45:00
Walking,People,PER_PEOPLE_THECORESQUARE_JUNCTION_TO_THECOREMID,1.0,False,2023-08-11T11:30:00
Walking,People,PER_PEOPLE_THECORESQUARE_JUNCTION_TO_THECOREMID,2.0,False,2023-08-11T16:15:00
Walking,People,PER_PEOPLE_THECORESQUARE_JUNCTION_TO_THECOREMID,1.0,False,2023-08-11T18:00:00
Walking,People,PER_PEOPLE_THECORESQUARE_JUNCTION_TO_THECOREMID,2.0,False,2023-08-12T10:45:00
Walking,People,PER_PEOPLE_THECORESQUARE_JUNCTION_TO_THECOREMID,1.0,False,2023-08-12T12:00:00
Walking,People,PER_PEOPLE_THECORESQUARE_JUNCTION_TO_THECOREMID,1.0,False,2023-08-12T17:45:00
Walking,People,PER_PEOPLE_THECORESQUARE_JUNCTION_TO_THECOREMID,1.0,False,2023-08-12T19:00:00
Walking,People,PER_PEOPLE_THECORESQUARE_JUNCTION_TO_THECOREMID,1.0,False,2023-08-13T09:00:00
Walking,People,PER_PEOPLE_THECORESQUARE_JUNCTION_TO_THECOREMID,1.0,False,2023-08-14T07:45:00
Walking,People,PER_PEOPLE_THECORESQUARE_JUNCTION_TO_THECOREMID,1.0,False,2023-08-14T16:15:00
Walking,People,PER_PEOPLE_THECORESQUARE_JUNCTION_TO_THECOREMID,1.0,False,2023-08-15T07:00:00
Walking,People,PER_PEOPLE_THECORESQUARE_JUNCTION_TO_THECOREMID,1.0,False,2023-08-15T08:00:00
Walking,People,PER_PEOPLE_THECORESQUARE_JUNCTION_TO_THECOREMID,3.0,False,2023-08-15T08:15:00
Walking,People,PER_PEOPLE_THECORESQUARE_JUNCTION_TO_THECOREMID,2.0,False,2023-08-15T11:15:00
Walking,People,PER_PEOPLE_THECORESQUARE_JUNCTION_TO_THECOREMID,2.0,False,2023-08-15T12:00:00
Walking,People,PER_PEOPLE_THECORESQUARE_JUNCTION_TO_THECOREMID,1.0,False,2023-08-15T13:00:00
Walking,People,PER_PEOPLE_THECORESQUARE_JUNCTION_TO_THECOREMID,1.0,False,2023-08-16T06:15:00
Walking,People,PER_PEOPLE_THECORESQUARE_JUNCTION_TO_THECOREMID,1.0,False,2023-08-16T07:00:00
Walking,People,PER_PEOPLE_THECORESQUARE_JUNCTION_TO_THECOREMID,1.0,False,2023-08-16T10:30:00
Walking,People,PER_PEOPLE_THECORESQUARE_JUNCTION_TO_THECOREMID,1.0,False,2023-08-16T12:00:00
Walking,People,PER_PEOPLE_THECORESQUARE_JUNCTION_TO_THECOREMID,1.0,False,2023-08-16T12:15:00
Walking,People,PER_PEOPLE_THECORESQUARE_JUNCTION_TO_THECOREMID,2.0,False,2023-08-16T13:00:00
Walking,People,PER_PEOPLE_THECORESQUARE_JUNCTION_TO_THECOREMID,1.0,False,2023-08-16T13:45:00
Walking,People,PER_PEOPLE_THECORESQUARE_JUNCTION_TO_THECOREMID,1.0,False,2023-08-16T14:45:00
Walking,People,PER_PEOPLE_THECORESQUARE_JUNCTION_TO_THECOREMID,1.0,False,2023-08-16T18:00:00
Walking,People,PER_PEOPLE_THECORESQUARE_JUNCTION_TO_THECOREMID,1.0,False,2023-08-17T06:45:00
Walking,People,PER_PEOPLE_THECORESQUARE_JUNCTION_TO_THECOREMID,1.0,False,2023-08-17T07:15:00
Walking,People,PER_PEOPLE_THECORESQUARE_JUNCTION_TO_THECOREMID,1.0,False,2023-08-18T09:30:00
Walking,People,PER_PEOPLE_THECORESQUARE_JUNCTION_TO_THECOREMID,1.0,False,2023-08-19T10:15:00
Walking,People,PER_PEOPLE_THECORESQUARE_JUNCTION_TO_THECOREMID,1.0,False,2023-08-19T19:30:00
Walking,People,PER_PEOPLE_THECORESQUARE_JUNCTION_TO_THECOREMID,1.0,False,2023-08-21T10:45:00
Walking,People,PER_PEOPLE_THECORESQUARE_JUNCTION_TO_THECOREMID,1.0,False,2023-08-21T11:15:00
Walking,People,PER_PEOPLE_THECORESQUARE_JUNCTION_TO_THECOREMID,1.0,False,2023-08-21T12:00:00
Walking,People,PER_PEOPLE_THECORESQUARE_JUNCTION_TO_THECOREMID,1.0,False,2023-08-22T07:15:00
Walking,People,PER_PEOPLE_THECORESQUARE_JUNCTION_TO_THECOREMID,2.0,False,2023-08-23T11:30:00
Walking,People,PER_PEOPLE_THECORESQUARE_JUNCTION_TO_THECOREMID,1.0,False,2023-08-23T11:45:00
Walking,People,PER_PEOPLE_THECORESQUARE_JUNCTION_TO_THECOREMID,1.0,False,2023-08-24T07:30:00
Walking,People,PER_PEOPLE_THECORESQUARE_JUNCTION_TO_THECOREMID,1.0,False,2023-08-24T12:15:00
Walking,People,PER_PEOPLE_THECORESQUARE_JUNCTION_TO_THECOREMID,1.0,False,2023-08-24T17:00:00
Walking,People,PER_PEOPLE_THECORESQUARE_JUNCTION_TO_THECOREMID,1.0,False,2023-08-25T09:00:00
Walking,People,PER_PEOPLE_THECORESQUARE_JUNCTION_TO_THECOREMID,1.0,False,2023-08-25T15:00:00
Walking,People,PER_PEOPLE_THECORESQUARE_JUNCTION_TO_THECOREMID,1.0,False,2023-08-26T09:15:00
Walking,People,PER_PEOPLE_THECORESQUARE_JUNCTION_TO_THECOREMID,1.0,False,2023-08-27T11:30:00
Walking,People,PER_PEOPLE_THECORESQUARE_JUNCTION_TO_THECOREMID,3.0,False,2023-08-28T11:45:00
Walking,People,PER_PEOPLE_THECORESQUARE_JUNCTION_TO_THECOREMID,1.0,False,2023-08-28T14:45:00
Walking,People,PER_PEOPLE_THECORESQUARE_JUNCTION_TO_THECOREMID,1.0,False,2023-08-29T12:00:00
Walking,People,PER_PEOPLE_THECORESQUARE_JUNCTION_TO_THECOREMID,1.0,False,2023-08-29T18:30:00
Walking,People,PER_PEOPLE_THECORESQUARE_JUNCTION_TO_THECOREMID,1.0,False,2023-08-30T13:00:00
Walking,People,PER_PEOPLE_THECORESQUARE_JUNCTION_TO_THECOREMID,2.0,False,2023-08-30T13:15:00
Walking,People,PER_PEOPLE_THECORESQUARE_JUNCTION_TO_THECOREMID,1.0,False,2023-08-30T14:45:00
Walking,People,PER_PEOPLE_THECORESQUARE_JUNCTION_TO_THECOREMID,1.0,False,2023-08-30T15:30:00
Walking,People,PER_PEOPLE_THECORESQUARE_JUNCTION_TO_THECOREMID,1.0,False,2023-08-31T06:30:00
Walking,People,PER_PEOPLE_THECORESQUARE_JUNCTION_TO_THECOREMID,1.0,False,2023-08-31T15:30:00
Walking,People,PER_PEOPLE_THECORESQUARE_JUNCTION_TO_THECOREMID,1.0,False,2023-08-31T16:45:00
Walking,People,PER_PEOPLE_THECORESQUARE_JUNCTION_TO_THECOREMID,1.0,False,2023-09-02T09:00:00
Walking,People,PER_PEOPLE_THECORESQUARE_JUNCTION_TO_THECOREMID,2.0,False,2023-09-02T13:30:00
Walking,People,PER_PEOPLE_THECORESQUARE_JUNCTION_TO_THECOREMID,1.0,False,2023-09-02T16:30:00
Walking,People,PER_PEOPLE_THECORESQUARE_JUNCTION_TO_THECOREMID,1.0,False,2023-09-03T10:45:00
Walking,People,PER_PEOPLE_THECORESQUARE_JUNCTION_TO_THECOREMID,1.0,False,2023-09-04T11:45:00
Walking,People,PER_PEOPLE_THECORESQUARE_JUNCTION_TO_THECOREMID,4.0,False,2023-09-04T13:00:00
Walking,People,PER_PEOPLE_THECORESQUARE_JUNCTION_TO_THECOREMID,1.0,False,2023-09-04T16:45:00
Walking,People,PER_PEOPLE_THECORESQUARE_JUNCTION_TO_THECOREMID,1.0,False,2023-09-05T11:45:00
Walking,People,PER_PEOPLE_THECORESQUARE_JUNCTION_TO_THECOREMID,1.0,False,2023-09-05T12:00:00
Walking,People,PER_PEOPLE_THECORESQUARE_JUNCTION_TO_THECOREMID,1.0,False,2023-09-05T16:00:00
Walking,People,PER_PEOPLE_THECORESQUARE_JUNCTION_TO_THECOREMID,1.0,False,2023-09-06T11:45:00
Walking,People,PER_PEOPLE_THECORESQUARE_JUNCTION_TO_THECOREMID,1.0,False,2023-09-06T12:15:00
Walking,People,PER_PEOPLE_THECORESQUARE_JUNCTION_TO_THECOREMID,1.0,False,2023-09-06T15:30:00
Walking,People,PER_PEOPLE_THECORESQUARE_JUNCTION_TO_THECOREMID,2.0,False,2023-09-07T12:00:00
Walking,People,PER_PEOPLE_THECORESQUARE_JUNCTION_TO_THECOREMID,1.0,False,2023-09-07T12:45:00
Walking,People,PER_PEOPLE_THECORESQUARE_JUNCTION_TO_THECOREMID,1.0,False,2023-09-07T13:00:00
Walking,People,PER_PEOPLE_THECORESQUARE_JUNCTION_TO_THECOREMID,1.0,False,2023-09-07T13:30:00
Walking,People,PER_PEOPLE_THECORESQUARE_JUNCTION_TO_THECOREMID,1.0,False,2023-09-07T15:15:00
Walking,People,PER_PEOPLE_THECORESQUARE_JUNCTION_TO_THECOREMID,1.0,False,2023-09-07T18:00:00
Walking,People,PER_PEOPLE_THECORESQUARE_JUNCTION_TO_THECOREMID,1.0,False,2023-09-08T07:15:00
Walking,People,PER_PEOPLE_THECORESQUARE_JUNCTION_TO_THECOREMID,2.0,False,2023-09-09T11:15:00
Walking,People,PER_PEOPLE_THECORESQUARE_JUNCTION_TO_THECOREMID,1.0,False,2023-09-10T06:45:00
Walking,People,PER_PEOPLE_THECORESQUARE_JUNCTION_TO_THECOREMID,2.0,False,2023-09-10T16:00:00
Walking,People,PER_PEOPLE_THECORESQUARE_JUNCTION_TO_THECOREMID,1.0,False,2023-09-11T07:15:00
Walking,People,PER_PEOPLE_THECORESQUARE_JUNCTION_TO_THECOREMID,1.0,False,2023-09-12T14:00:00
Walking,People,PER_PEOPLE_THECORESQUARE_JUNCTION_TO_THECOREMID,1.0,False,2023-09-12T16:45:00
Walking,People,PER_PEOPLE_THECORESQUARE_JUNCTION_TO_THECOREMID,1.0,False,2023-09-13T07:15:00
Walking,People,PER_PEOPLE_THECORESQUARE_JUNCTION_TO_THECOREMID,1.0,False,2023-09-13T07:45:00
Walking,People,PER_PEOPLE_THECORESQUARE_JUNCTION_TO_THECOREMID,1.0,False,2023-09-13T08:00:00
Walking,People,PER_PEOPLE_THECORESQUARE_JUNCTION_TO_THECOREMID,2.0,False,2023-09-13T10:15:00
Walking,People,PER_PEOPLE_THECORESQUARE_JUNCTION_TO_THECOREMID,1.0,False,2023-09-13T10:45:00
Walking,People,PER_PEOPLE_THECORESQUARE_JUNCTION_TO_THECOREMID,1.0,False,2023-09-13T11:30:00
Walking,People,PER_PEOPLE_THECORESQUARE_JUNCTION_TO_THECOREMID,1.0,False,2023-09-13T13:00:00
Walking,People,PER_PEOPLE_THECORESQUARE_JUNCTION_TO_THECOREMID,1.0,False,2023-09-13T15:30:00
Walking,People,PER_PEOPLE_THECORESQUARE_JUNCTION_TO_THECOREMID,1.0,False,2023-09-13T15:45:00
Walking,People,PER_PEOPLE_THECORESQUARE_JUNCTION_TO_THECOREMID,1.0,False,2023-09-13T16:15:00
Walking,People,PER_PEOPLE_THECORESQUARE_JUNCTION_TO_THECOREMID,1.0,False,2023-09-13T17:00:00
Walking,People,PER_PEOPLE_THECORESQUARE_JUNCTION_TO_THECOREMID,1.0,False,2023-09-14T06:45:00
Walking,People,PER_PEOPLE_THECORESQUARE_JUNCTION_TO_THECOREMID,1.0,False,2023-09-14T07:15:00
Walking,People,PER_PEOPLE_THECORESQUARE_JUNCTION_TO_THECOREMID,1.0,False,2023-09-14T07:30:00
Walking,People,PER_PEOPLE_THECORESQUARE_JUNCTION_TO_THECOREMID,1.0,False,2023-09-14T11:30:00
Walking,People,PER_PEOPLE_THECORESQUARE_JUNCTION_TO_THECOREMID,1.0,False,2023-09-14T12:00:00
Walking,People,PER_PEOPLE_THECORESQUARE_JUNCTION_TO_THECOREMID,1.0,False,2023-09-17T10:30:00
Walking,People,PER_PEOPLE_THECORESQUARE_JUNCTION_TO_THECOREMID,1.0,False,2023-09-17T11:15:00
Walking,People,PER_PEOPLE_THECORESQUARE_JUNCTION_TO_THECOREMID,1.0,False,2023-09-18T07:15:00
Walking,People,PER_PEOPLE_THECORESQUARE_JUNCTION_TO_THECOREMID,1.0,False,2023-09-18T08:15:00
Walking,People,PER_PEOPLE_THECORESQUARE_JUNCTION_TO_THECOREMID,1.0,False,2023-09-18T14:45:00
Walking,People,PER_PEOPLE_THECORESQUARE_JUNCTION_TO_THECOREMID,1.0,False,2023-09-18T15:30:00
Walking,People,PER_PEOPLE_THECORESQUARE_JUNCTION_TO_THECOREMID,1.0,False,2023-09-18T17:30:00
Walking,People,PER_PEOPLE_THECORESQUARE_JUNCTION_TO_THECOREMID,1.0,False,2023-09-18T18:00:00
Walking,People,PER_PEOPLE_THECORESQUARE_JUNCTION_TO_THECOREMID,1.0,False,2023-09-19T07:45:00
Walking,People,PER_PEOPLE_THECORESQUARE_JUNCTION_TO_THECOREMID,1.0,False,2023-09-19T14:15:00
Walking,People,PER_PEOPLE_THECORESQUARE_JUNCTION_TO_THECOREMID,1.0,False,2023-09-19T16:00:00
Walking,People,PER_PEOPLE_THECORESQUARE_JUNCTION_TO_THECOREMID,1.0,False,2023-09-21T07:30:00
Walking,People,PER_PEOPLE_THECORESQUARE_JUNCTION_TO_THECOREMID,1.0,False,2023-09-21T13:30:00
Walking,People,PER_PEOPLE_THECORESQUARE_JUNCTION_TO_THECOREMID,1.0,False,2023-09-21T13:45:00
Walking,People,PER_PEOPLE_THECORESQUARE_JUNCTION_TO_THECOREMID,1.0,False,2023-09-22T07:45:00
Walking,People,PER_PEOPLE_THECORESQUARE_JUNCTION_TO_THECOREMID,1.0,False,2023-09-22T18:00:00
Walking,People,PER_PEOPLE_THECORESQUARE_JUNCTION_TO_THECOREMID,1.0,False,2023-09-23T13:15:00
Walking,People,PER_PEOPLE_THECORESQUARE_JUNCTION_TO_THECOREMID,2.0,False,2023-09-24T15:15:00
Walking,People,PER_PEOPLE_THECORESQUARE_JUNCTION_TO_THECOREMID,1.0,False,2023-09-25T12:30:00
Walking,People,PER_PEOPLE_THECORESQUARE_JUNCTION_TO_THECOREMID,1.0,False,2023-09-26T07:00:00
Walking,People,PER_PEOPLE_THECORESQUARE_JUNCTION_TO_THECOREMID,1.0,False,2023-09-26T07:45:00
Walking,People,PER_PEOPLE_THECORESQUARE_JUNCTION_TO_THECOREMID,1.0,False,2023-09-26T10:00:00
Walking,People,PER_PEOPLE_THECORESQUARE_JUNCTION_TO_THECOREMID,1.0,False,2023-09-26T13:45:00
Walking,People,PER_PEOPLE_THECORESQUARE_JUNCTION_TO_THECOREMID,2.0,False,2023-09-26T15:15:00
Walking,People,PER_PEOPLE_THECORESQUARE_JUNCTION_TO_THECOREMID,1.0,False,2023-09-28T13:45:00
Walking,People,PER_PEOPLE_THECORESQUARE_JUNCTION_TO_THECOREMID,2.0,False,2023-09-28T16:30:00
Walking,People,PER_PEOPLE_THECORESQUARE_JUNCTION_TO_THECOREMID,4.0,False,2023-09-29T13:45:00
Walking,People,PER_PEOPLE_THECORESQUARE_JUNCTION_TO_THECOREMID,1.0,False,2023-09-30T14:15:00
Walking,People,PER_PEOPLE_THECORESQUARE_JUNCTION_TO_THECOREMID,2.0,False,2023-09-30T16:15:00
Walking,People,PER_PEOPLE_THECORESQUARE_JUNCTION_TO_THECOREMID,1.0,False,2023-09-30T16:30:00
Walking,People,PER_PEOPLE_THECORESQUARE_JUNCTION_TO_THECOREMID,1.0,False,2023-10-01T15:15:00
Walking,People,PER_PEOPLE_THECORESQUARE_JUNCTION_TO_THECOREMID,2.0,False,2023-10-01T17:45:00
Walking,People,PER_PEOPLE_THECORESQUARE_JUNCTION_TO_THECOREMID,1.0,False,2023-10-02T11:15:00
Walking,People,PER_PEOPLE_THECORESQUARE_JUNCTION_TO_THECOREMID,1.0,False,2023-10-02T12:00:00
Walking,People,PER_PEOPLE_THECORESQUARE_JUNCTION_TO_THECOREMID,1.0,False,2023-10-02T17:15:00
Walking,People,PER_PEOPLE_THECORESQUARE_JUNCTION_TO_THECOREMID,1.0,False,2023-10-02T17:45:00
Congestion,%,PER_NE_N05131E,0.0,False,2023-04-13T10:35:00
Traffic Flow,Passenger Car Units,PER_NE_N05131E,0.0,False,2023-04-13T10:35:00
Average Speed,KmPH,PER_NE_N05131E,37.0,False,2023-04-13T10:35:00
Average Speed,KmPH,PER_NE_N05171T,80.0,False,2023-04-13T10:35:00
Traffic Flow,Passenger Car Units,PER_NE_N05171T,0.0,False,2023-04-13T10:35:00
Congestion,%,PER_NE_N05171T,0.0,False,2023-04-13T10:35:00
